title,link,description
Full Stack Developer with TS/SCI,https://www.indeed.com/pagead/clk?mo=r&ad=-6NYlbfkN0AMjdbknkYzzGvhDseFwc6NZim9TpxItB4eWSD788yYqrxH8IhdNnFYYDWZXGV16jEOAlNlVIf2CDPQFUCuy-rx9LGs7pmiftvL5UPxdjRTm7baBhmUUpOlL8G2ZLw_lgyDzUtSJflsgtzrSysj6tRfyyIZc-_5giQnTjanN9GJZ7mpSRB3ATt6k5SRMfbbAKyQqkjB6LpXih7-oLvc-TFOLziM0gENrRO9UM7uAPXd2l2y5WbgxhVlufmU0f1gBz6xPi3aJwPDZCdXToddns4PWg5kOsj5HLokdlOY6QolXFj04gx38cZH_EOHMdWfyjqZKM2zUzzC6ZkWBEn50pvqFGu7vrWvhp4ZEfks_XzxTkrf8nXeBfnDiXzais2wZQYASdPS3FNdLhkaR9XxXvMZA2gRVQAhucKUR1qRjWZS0zI9ak0lSdGjLnooCqkq6-JnkCvkWtgNpBp7vUsikZPKxvcq2MKnTpib16MNSTF8BOOPtsnyyao45TalsKpvEE-u_GB05lkI5TOjeolYR-CEP5taVbFv9IM7wYXDk_I64VQ88fEB_qA-1-KLozU0vtpu86WLz9b6kdJ4HQuMufgOSThrY8WzHdFnwy-Bx-rvem3F8Y1yQrosjpmamWbTqugDa1RwDHuwDb_sf2NHuQxPTfkEENL7i-U=&xkcb=SoBi6_M3l2sfyCwViR0LbzkdCdPP&camk=ethIe0s0heeeVyG73lpswA==&p=0&fvj=0&vjs=3,"Full Stack Developer with TS/SCI
OneGlobe LLC
Hybrid work in Washington, DC 20016
401(k)
Health insurance
Paid time off
Vision insurance
Dental insurance"
Senior Software Engineer – Developer Experience & Code Quality,https://www.indeed.com/pagead/clk?mo=r&ad=-6NYlbfkN0CZUO70VSdYKA8PR3jfrSh5ljhqJhfDt0PzQCMubt8cRmvypw7oDpSF6jCedqSPrGrtjY2FY-tC4OQH22YZawHqJdV-UfW5e4pXIsce8udFXhPS7v6UcGi2zjiA7oZ53Vn2PG2GclkdKLsijnVkbbolLLORddVtI8LbIGQum92i6nc-uqxlYj0idn7qHZ0OTny3mjeO3lBwpEEQuK3ttaELbHWuyIkW6zvLCDWeSk2IgxTDfaLtojWoszNXa2Q49PRlDxBAtmCS7bic9R2zWOwzNrNfXfB8-OcPAUvRmcClugyOGompOU7uyhcoVZGdRRq5O3Nbr7Eft9koNuq2ViTc3FdDgqJvXDidi0HFkc-AaXPqTTseWGQ3r8sj8FkudySvsgCdcnxdQ7sew1_gjfMSXyzeaIbLb92sqvP-4FRbV5i9FpP83s-CYs0OpeRjgPLgxAXW_inM3ZGxkqRxEk5iHH7aeTbziMEzeNg-UMRuZKnPErEAL61yBfEgi9R7kiLWhP4DajhWzLn82vo_IgpmNp07we_bpKlu1xi0d5GDrcRPU7Ql2JVSelspdc8PumZ_QcSelNfzvl9xJW-cbw40PU1Gx_GrGdXuabCkSIMzvrYuBx_qdSk5XHFjKZE_wqzmosp-8uPYKzAmcJ6f_JLUnXw26S0Wl7kw9EVUb0Xy9Y3fSTusvRsnJRY62bc9U2CccsSA4qbO4GOd_SIoRSbWd5h5cFVEcY8cPuZzJ1LurTpPfMSrRGNErfHhlQP4EaSXdZSCn44o0gtvzr2UxBmv8etw_xYEpYir2ycknWD49g==&xkcb=SoDW6_M3l2sfyCwViR0KbzkdCdPP&camk=ethIe0s0heeQhnZOR7c6Ig==&p=1&fvj=0&vjs=3,"Senior Software Engineer – Developer Experience & Code Quality
New
Leidos
Reston, VA 20190"
TS/SCI Cleared Software Developer - Senior,https://www.indeed.com/pagead/clk?mo=r&ad=-6NYlbfkN0A3e05pMo4JiI2OpHPxxfopl9tQsOuYSxQsXnAci58W9LLgZVffXbBKBXEJawroogvwGdjJIyTeOlxVv4Pc8highuYWMgi8D45oXdydGpmvqngnDYZ3-Mvpw4N5P2hy-EsalMBOizaKnvI_OO2_vSLzq_MW-PNTgXvQmUOS2-isuOLsuTW-SHnxIqZA-IEKKFneVAMtrFXH5noIlrvHr8kYVAGLQw9BvYfOxoARg13oZNdS3daPM8JsgLJ-bUBLY30OuDxpWZR-C1mSFXNp61TZFIMBiZZLik2hD1XMA6XgKATawEAQEBCn4Z-sEdrNvcTQenSYrJlrl7EfY4hdJmleg483UmqHU9WfbcqsefMwmYGU99QSM8llPkqRLhJ0bkcToGD8ddNJmsskjjqYAHGGRBSWVY-WwuJN1iHTtjpsQB_yMfC1YXeDo-C2nw6naEezOmm-urkXDaemLV1Q-cwrgnhlEA1MhLOIX6EXSA1Ln4wfbvJpQYw_blZtoEdZ9j1rn8EqBMF60ZvyEU8OCHV5iWD_zQcTMsZB3RN_dCeouOqm3U3jOPAJRy2XBbWQz9EGAuCiOxJ6rYHSsJc5KIrJFqGvvm6dKRm0um8P3ntBDCAybfyg1BDeseBTKIURx3IOotED1KY81G_z-0r4lbFrq2nthiO4lAh4Hv0LI3oRCoeb4eSU41drCwWdottLnk2dS_GI2sKEK2VZbgX0CUV5&xkcb=SoBL6_M3l2sfyCwViR0JbzkdCdPP&camk=ethIe0s0hefiv1AZb48-sA==&p=2&fvj=0&vjs=3,"TS/SCI Cleared Software Developer - Senior
Often replies in 3 days
Amentum
Fort George G Meade, MD 20755
Referral program
Tuition reimbursement
Parental leave
401(k)
Health insurance
401(k) matching"
Full Stack Developer (Backend Focus),https://www.indeed.com/pagead/clk?mo=r&ad=-6NYlbfkN0BZqghfaYzeuGilyuaLzccXCi1QgZ04MXPKTQrzxdMi5deiTrv6TBHfAuvejvfIUayh7IlTEmbUBcUUiSipXNOmZuOu4ibHm7vJ6yMEsLApYy0WJKclnf5Aq2OKIFm-plRBmln2JZdufZd41B7UyY2191ufQpHocl8faIV5lv37xk4L2_vGyKHzAb-IMMSvLNjhhS_hZr4V21b35LmFJMM3-y1_D-R9C9kTa1rx2kJOopo0Im3LmSmz6p7mmrA_IDHh3OS8fNR-DfmmCIr72-N1lSvex1OZjw8IniWx0cD81DPAsrDexcbgc8lLPnLEv_XGJJnOHGi3ug6cgyszOfAuhJSBMiyVdXRUTZL7UjCfMwZEFMcCZWKr3xcotJdAexLZZTbII8idsthf7fcK7v8xh2Wmf-ro1NLG45Yv8T9-Y31TMpjG_t1J7zOZqv1bBSWUQb8cSy2n2p9LAk3xhyuthGp0DrxvdSGw2lx5CB05x3ReCMCfW9sSRAoO1ZW-DR15_5MKVHSHPIceM5401vhEegwd6d39QeFoocWsY6G0EnRGO0OzbXq6VAqWq6XkEGX4_bzeggHZEZEFbXBVzneBLzBUXeY9C9R47GX4V-cNxYCervtJhNs5JUb_ft4b5HoBjWgkZHgrGkVHh6ilGocBdmoyFSwmCihPvAb65aHulF0gIuTgf4x9bul1ZqP8LhoFpqqfIA47qA==&xkcb=SoD_6_M3l2sfyCwViR0IbzkdCdPP&camk=UoKtGZLa3XJVZO1Ph9TPHg==&p=3&fvj=0&vjs=3,"Full Stack Developer (Backend Focus)
Streamline Auto Solutions
Buffalo, NY 14221
Referral program
401(k)
Health insurance
401(k) matching
Paid time off
Employee discount"
Senior Python Developer,https://www.indeed.com/pagead/clk?mo=r&ad=-6NYlbfkN0CZUO70VSdYKA8PR3jfrSh5ljhqJhfDt0PzQCMubt8cRv7CmNO5I-ZKKNxJzL4aoyoHp60NvUCD23E9I9oqlWWjhjUW5WuUohxC5AQjlvda_DRg6cjKzs3rYgEQuSGCzTJqIAYWhrWiTl33cfiJvDULNqTEh5ggkzk0CFP_Nizh_MCCBk0iStue4YhjXODthuH1fB8aIWy__an-k1FzuDFOogZPyualURvuq_ZRYYdsoXojcPSnSdvs2z7SlVC_Grdl5nCF58aYLCX8CDccdy3FlJVT4vAiDi78_i6xCmztdvgg4XDIZboVV9N11YVz008uMEbKQgi8nOhjOlx5PMWzNg1a_flSo4TUMq7op6LecvfcYv2KSAnw5LJVblpG1bAfdoP5mNpjRH2ZBtpQFAHHoakW6nI0rmgq2vwLlOtVdJLYgrWstlLA602LGgyP7F_JBUXqwupQdWaM74C_jrTLvYyc4jbuhuB-RhydD6pLkqOXj7vTa5YlJ5fPpxpeSbnOgPiIzvoSCMAoUQR2q65Kurl3WXTFIM6dsLyt2Zmlhgb7Q2_CVip85AlE1-l-a1bRm4yR4_0hzK8NoJtR8rT27EhFZBlLH_3MeaSm-jc83R3X3vPZffgBq56GssJaFEVmq4qhjrpm7jwiOFqHyv8Gc-9fGAJUlB-1cykxsgfmHk9jZKXqpfA8gU7gpKTlcI-LSiuU32BzTu7vGZ-qlcrIRnQMuodc-ztOM_4ytvo9GA==&xkcb=SoBx6_M3l2sfyCwViR0PbzkdCdPP&camk=UoKtGZLa3XIMZVzINFhgPA==&p=4&fvj=0&vjs=3,"Senior Python Developer
Leidos
Chantilly, VA 20151
View similar jobs with this employer"
Senior .NET Developer,https://www.indeed.com/pagead/clk?mo=r&ad=-6NYlbfkN0C8CFb-8zGxOPtkHo2PYJArMiaWqlD2upb9iJrLckFKpnF0NgCIzrlMdUAig4o25pbQDkgll0S6VZ5uYjHdRXugpc_J5PBuj2KPyiS0hqcqOkIa7JQyzK-cTILrqYfvRmeafY3vXf7AYVJwScfq9BwLj4FiWypy7US6_4N4c-wZOZVXa1WCivDXMwuV9g9FnOP27fN9zptIfV0Z7s5A5ef95I6PQpJYzM9r52_NFlk1NIzaJM2iVdWcuZutLr8YoWvwjcMLCdBeXk7q-YfgvEUYzTWMlPb_Bad1-pmgeWtAkqkPrRYhxUOZIpb9CSrLa1s1WfiTLPQKqlkkRuDjTdQkg26Klp-l-hQxZU0V4Na2UQ5QjM6GKwwlrKQu2TN9_vDz6S3AJsLZrQPUzxYvVeU0tE4ivpM_E8PCuZuN-rvCmioMkSLZqyIEBsm13K3TR4r9o0faEXKq90lQ3VG4X5XUPKeYzCJ0FQWnGlBamIfiHCZs-QGU4H3SKdlBsDmJdoX1e4d2v0TVmDvvsFZzAASildBzEjFDy4bwu5YR4D10PuPJBtxnFojlB308kRZ5YbE5wMkzUQXo4xTN6p3E1zoKUB3d0ObbTHoyuX-KpDNzoyARnM_2AIGUeHskhxqBDUNEdDXG9_4m9z9HAn-526qrHThb1pQZ6gTzhv1YWrTeYppwMUGotkQR&xkcb=SoAF6_M3l2sfyCwViR0DbzkdCdPP&camk=UoKtGZLa3XIIrkOnOwUeFA==&p=8&fvj=0&vjs=3,"Senior .NET Developer
FSS Government Solutions
Baltimore, MD 21235
Tuition reimbursement
401(k)
Health insurance
Paid time off
Vision insurance
Dental insurance"
Senior .NET Developer,https://www.indeed.com/viewjob?jk=789abcdef0123456,"Senior .NET DeveloperFSS Government SolutionsBaltimore, MD 21235Tuition reimbursement401(k)Health insurancePaid time offVision insuranceDental insurance"
Full Stack Developer,https://www.indeed.com/pagead/clk?mo=r&ad=-6NYlbfkN0A3e05pMo4JiI2OpHPxxfopl9tQsOuYSxQsXnAci58W9LLgZVffXbBKBXEJawrooguUsDqxCh23VWhjSQI0p-JckTXbP9eHNypeu_EBFMB4dZ_LAgvYRX80IUIsqs0JVhkKe6T4An3HfCQzDHlMSel1TuABM8oj-GhUOlynxksroWB6QzGiLkUbWV04qT7Qe1Kas4Jw6wEi289zoXxe6losDjT5XYBc-sEAN_4YKz7jHQANmg2EEa7CuYzAejDkSStGm9RxxTcR2OBFMcoV-4gD-vRZy9-ZPguBX6oSiV6ozWGipz1R9kOmCoI4pYl9H_jvVzuKkhi9Sa9GnzNGeT_AKBCdNVQyymQbw8ulZ0vRm6wc9iSJU42E9ChaFVE3gKiPSm63Aq2F5QugjZfXwuCq1pxt2BkymOO7uxn8hYgMGsx3QIOBhZ8c9VscjqXBq9gDILvhVc2dYm4y9nkZD51IdJNepms28zZvUJQRRNYYWB9U14spH0ACdW2cTw4Z3KIrne646QyoyFEAhF-IeoGgdToyf24jIjqQkl3_xBxiEWWvu-ORfmpL5gTn0tGLT9bE1e0uT9Wt9lvHpLGEQaiAclxJ-xdfWJgHLKmQe5J2maHjBNZ8MbP8Cr2ZXMBrg0GMq0ogd0ZwJ3N6ncsG84Ix-4ED1azN8RpR_IoPDtlNz-z8avo7HPX0_eHIG11VLmw=&xkcb=SoCx6_M3l2sfyCwViR0CbzkdCdPP&camk=ethIe0s0hefiv1AZb48-sA==&p=9&fvj=0&vjs=3,"Full Stack Developer
Often replies in 3 days
Amentum
Annapolis Junction, MD 20701
Tuition reimbursement
Pet insurance
Employee stock purchase plan
Parental leave
Health insurance
401(k) matching"
Senior Software Engineer,https://www.indeed.com/pagead/clk?mo=r&ad=-6NYlbfkN0A3e05pMo4JiI2OpHPxxfopl9tQsOuYSxQsXnAci58W9LLgZVffXbBKBXEJawroogvITSXXYK-Dwix4-W15vrgI8Yb11tWBcEPyg-S5nKiXMWfG2M8tSSsxJPEgVcKJTs9Gsqs7740engCMFmKWxss0B9u_rmuo-ZmtTFrxIlEjpl6_cD8juAr1xDjkg0gAb2QYSjSW-jS9t2DGroR74FrLRbgq_LN0Zp5axzZ71htOxzeAmsSSALmEj11Rb-haR8vboiNWpezgVB7VhUo_MRq7iTj1b8zSR5M78ObY9upcZp6zA4Om73JVu3fVlX7sNuL8b6kwspYlfGDrRp111878WSx-6oXkFL9cGyAmcSSdhioh_eNUiG0SrnlZGmQKRK8wVxQSTJ8uYnIeJwnX_a8kuQz8NTH7WFBGSUXkPQaJzCldtbng8N0J2boGQQIxMsPLBabxVdgfdYCU8vvBZopSX0EjrvxOvn8InGiiWqbiRTaDlkvWiAnPKVZX7f6yflS-XnBWU1GkmmHwS7OA4GvN7TzLhwO0XjMY3ZglyUThtzzQACsFPUBZfoz0rF0UsLO41dd0HDYJhQsU8OHSHYiv_lKkBDE4Hgiehtmnp-Q9rGwcGug_VUx0_yGroNgmaJay47rvlSGAypzX882TNffv18seMeaHW3jPz1PqbjYA8T0tE3hP2ORrB8DCcU3p8LWTPA0zLhoiqA==&xkcb=SoCi6_M3l2sfyCwViR0GbzkdCdPP&camk=ethIe0s0hefiv1AZb48-sA==&p=13&fvj=0&vjs=3,"Senior Software Engineer
Urgently hiring
Often replies in 3 days
Amentum
Springfield, VA 22152
Prescription drug insurance
Parental leave
Health insurance
401(k) matching
Paid time off
Vision insurance"
Full Stack AWS Developer,https://www.indeed.com/pagead/clk?mo=r&ad=-6NYlbfkN0DVRqkzmoOxYUgbtv_NK1ArUzMkNzca3f6VDkrWk8UyNDe1hItgBgC0g5Zzn2J2DU6pe_wxaOwnbizIQX7bpLc0EirFiPoCGvu1bPoUbyZ1G0gdtb76UxEBiWSFbNnmweKUJh_fCgE6PPEXS-Gsrvu-Fpe1gtGvBLxnJ-Af789tIITll9zBVybjumwHWNP01BBUcTglzpd2y54_vA3KLZhPi2NCINXjQ9G0CYkyRUOmn7o15XOJU_h7J_EgslZESgY_j7SrTFhHDCs3XFyhyLFnSj-lWHsTzBeG60NDizsyKZ3i8A1URqcp-a7dbjuRO7i72R0KVqKHuCn5Bt2r91AFUMausLpnlKmot-9wU_hed3q0bzLG8RDKaMHm4qi_YKeDVYUsxuV_q_0xy2j2rpuDKOVAH4tKjW3-PNeDqnr9tm1QCvQhkBZbhoA-aYb8YLl-4GA7vBwfhjGb-Upot_vQ9s0z74PLjjM8SdoonAK5O1qKqevdZP31GuDv7R2bpj6Vwc6xR-L9DuzSAWWadw0yAZ86_SVLOwSd_G2DMC2avtToFRE5x6Mpu0RIv9ufz4c9lJi_gD8ZoipIUOoUgYBfiRCucgQM8R5UYWXH7Bflac2RR9CuShXfd4SMTTHgwhlFsBSeXAapwJIM09EMch5O&xkcb=SoA_6_M3l2sfyCwViR0FbzkdCdPP&camk=f416UQcMBpCDOs-K2L_YrQ==&p=14&fvj=0&vjs=3,"Full Stack AWS Developer
New
MEDuvi LLC
Hybrid work in Quincy, MA 02171
401(k)
Health insurance"
Senior Pega Developer,https://www.indeed.com/pagead/clk?mo=r&ad=-6NYlbfkN0Bjic9BpODao-m9BEup4myv2yv9o6hanv70kCRpjMjSDcmmrD9YS-C3ixBvJBo7zUStKRmMrWijamwPW07gm2O5yoYcZ47v1ZKiMuYU1xw3G2fdbSICFWS_wfjyOkUXFvhZZn4az0zza8jsWgVM4NvzmiklUZpJhzncvOoXz5Dr2SkLrj6YeQdcfWpUU7owxIjia2gskI-dSf4F5SuBzsyyF9hjc0VZ0Bkq--qAiFOiIQL_rUBL7-VxE-IYhDVA447FNz3SdL1axxnROnQIMhMIjsePbB4t9WjOlpCmYiUjj1HH1KxW2Q173hufikCva20NnSZEZkC19g8my31qXiS3WEoifR1BWKg4KHK5DW1ye1NlIQYEdFiiwimx8DsD8UAVUUn4heTbKQTwRceqskT0pSrnFbR3DyRjCMsNoucB6m5-OHI5qqeGTlm0EP9ffvSArRl8hQmwXJwMZqY6_jxnccPBdm1hfuzQCFj8eDxfTc1REcM-yu16GjzBHko556uWrUASOIvDA2HkV8vtp-LKa68jv9iLJayh8dKymfi-KWhYdX1X4TrJQt4JXJRALCnkVbaw9AfGdjTxxIbGUrPNTsrWuPMT9CBNrODInWZSZGK5f5H_NAjUv4yIyKjLOh2bznuQ9JWABwF5-pBWTTxfk6WHpfflEljh-Q2q6y8M-Be1_Z_oak6n7-tXDlu2yrwdcJ9HSrSs3C6wyT4xl_FrsLdybwOSCagNagQVaesvAplpUuMT7-a_3X7m_h4ZQUoMIgSk7PBrg2E3Sbz1MvZLXRJTz0vAOgFgirNd20MtwrkLCeN7MrcG4ukicvbJeH8_kMw0Jo3Ke9JGARCe-dToWFjMVUY0RC9vqohCt23WsgT_nDMi1X_lOeQ2tKs3ebsdpWIp5QaXD2SYtybdDt1_B7o5oAACG80mnrN6DbjfGwjhyRTLMx7_NWl-7WK7xAtfY6r7I-Q80Aodx7yXSS0Gn222yqp8-3mQX18UWQw90mz3HHn_8l3db2QeldyZB4iquxz_gph7T3eStYsu7FEz07Kr3_ZoxnPXxKNejXqbTrXH4fAPQ8De6Snjr1zTnI44hAip3ttxFnLdbnQWuUCIZiPwDM3d6dtsrvq8pXcfiVpVh6HA05FW_LhTSZ9BeCBXn0ZwOzABXAY5_AlWuSdaQI5yjuMfr2gmNt7K6eacCZ5DDXdd2QQhZLMKn8IwF6o=&xkcb=SoCF6_M3l2sfyCwViR0ZbzkdCdPP&camk=wPCgCoxYCCH3U3wqG3zpwA==&p=18&fvj=0&vjs=3,"Senior Pega Developer
Pyramid Consulting, Inc
Stamford, CT 06902 
(Downtown area)
401(k)
Health insurance
Vision insurance
Dental insurance
Paid sick time"
Finance Quant Developer,https://www.indeed.com/pagead/clk?mo=r&ad=-6NYlbfkN0AuardwkjL8r8mUdTCNUUcqoqJQI2Nv3kyGryLRyZsP6xZC05hW1iE26XbA44ckAHYFKXkGLqDgaQs0mrBNbGXKmOwYhYAKNnL16l4-tW4kyCBMu-72BIOc02ZdvDosfmpVobeBOnGawh7AZhx0EgAvzrj63xHEiHcHWDbxnOGBI6ArKsxqIN4GXOBC2j6imavemZ5aZ2-I-NYy2KrziqHZy3farRB97T_STXTOflU59W2BXgal1a5Mcqo7fE7_6rX1I32xyAbRa_GnO7XwbE2zNzx_PgZYyKe3WRGD31YnJ3Sru9Kyh11Yz41B_lMx_f_44dOT3lWP1qRacak2Ifd1e3vZhet356prMOkvHdok3Lyfxxc_sHbDvPVGiXLk6q4v4X4Xvij8BDNchqthAuQgxWo8T5EcR8bYPhkVDK2GDlNSflDyuAaWdSdrJaHt8iBJSpQoVMHvSh4fheNDkVerK6x7I2SIQXMDinS0nI8jDQXK1NG97HFV9n3L260bdK3ziD8dliN-UC1PWk3172XB1TkzWbujph0a7_bLeE42nAgQ3r2jQhvAGah16BEuaC3lVzlfnrf8Uu4ELNvyzYrX6w1mwhodErlxiu4wZuCdOCNQ_dIY6NSXeI6_wCy--mFChmr6qW-6-mkMFQKD16AC9zs_5CaAp8gKMLGgH6Mv15yj44sPmRWWCI4ixiN7P0S1KsSY7hNhOlt_XPPBxJhZ2e91sFN2bP5jwwbtxTlDcVtRAT92QG0wkvBdUFfIf17tvpH9HNC_PWu4E-pnIKbj6h_SntKjG2VryeIu1-c7gEx0oLUsSGAidRuYE2O5NCp1CR0s97U00sIigCdLBvFa7u4i6KHQQdi41uHD7GMi0ObyHn43mkdkGWr4T06M0vhcQxT-VS6_Q__1zlMYoA9mmuxFg3b-add1r-_Wxxnh8oANT8OkwhSk_AVxZwd65zdnTC8RPymU9X_EOSS0mdzTBFKZVCO3UKU98yajIYx3C2fEx8zv4_oYHl8_J5AtSOUFzYAcQicuEv7FgTRBsYPFoxPDSDpJYjG9xiULxOOcx4cGUp_znuEhCaI1TgLf8crjj8opRrqgJ1o6DsDkfJ5hYkcuuCRmizkwwBEoJx_CB2Bjr_iOQl8qb4BPiBo01ZJVWKk-kdM8cQHIQEZBC3bHvmBLqQmPyDkK4t9IvTbW6jlQEWflH6yde46YO2KmVbRwye3ByMjrsbdm-JdkG301XZOpeHtKYUuj52cyQAK6Tw6etLE60WA6oDwzWH8B9UpwDLbs10CS1-GC329nQi85l5yr4KB1q1s0s8D8KwwTnI8-ed19HGQjm394T8EKpel-LW-z55sedZkkePmifrfekIDevGs8B9i8tQcewfRJZIoZ8S0p4uRYGa_ftVO-N1ydvnkDduFhkL9355oUbQ3m&xkcb=SoAx6_M3l2sfyCwViR0YbzkdCdPP&camk=CPChkbYSGj-0LhH3PDQBLA==&p=19&fvj=0&vjs=3,"Finance Quant Developer
Pacific Life
Newport Beach, CA 92660
Paid parental leave
Parental leave
Health insurance
401(k) matching
Paid time off
Vision insurance"
OutSystems Developer,https://www.indeed.com/pagead/clk?mo=r&ad=-6NYlbfkN0CAgqrcDNs-vVGp8JIV_q0bc2Yod5XjJle7wU68BQvsWLR1zxyTKsq7EwMfiXA59eBafesgSYsN_6YL9aBjR-Qjv7J5gUT1RmEzXWUXgYNICm4FJqInJ05JhGkrcdIXQIzftlBEzRxg7UnxAoShP8-arAVyYOHE1pu9ZNahvrIk3XS14_JoxLRZbX5K4bRNNjwO7uwn7WAEBTPHeMDcyN-0IazICAYRG0FnhYGcAeM27D-hXIM2sj9wNyzdA5PGlwxWJLyy7ls_vhdKXDGfxNqs7EAXeFTkUVuhcmzot2o_Q5heQhFXFuYmsAkNs3IO3UVH8DAeHkARjfhDU8tk-P_z9lC2E8zhH_PBZMiFpSxBtqj7va5p9t0mzoOdHVgA34EUf0sfIn_naiJ99N5-drpIrGf4zfI1A2DzRwNTeJU25yN3KC9___LEgLpobTSpcKOs4O4rname2qeJGMu_6nGxzUqJ-8MfYu1DezwK3ksLxuvFKUCPfsTDmT6cVYQmHRglQulVVf8XwoNCV7O-SzP7XMMwUVNQYRqAuS6X9dGPSikWe543fWe50Ivc6io0P5RD5IS5biJ9jhIQ_o4HVP3VZNjO1PYY2hlOWSqTJzgR-62pkFTJdOxUwxSKFKWubv1FVRV8q8w8htjIfrxvOTmLkz7-LU5KXTxcbZw3SUa6fVYP6lfQFsUReczhTFHNB2ohVgWNmokx0p9ipBQKZ_DpGSsSP9v9RFfEI9bEJFkpBJ-5k6pLI54AOcCaYq4GBLivUkFg6RCH-s72vts6EAl5Aocb9lufdwIni9uxSsWhLN8N6zNQJCRF3mznboPf6p97zfQ_mxU9u_V89g2T-vYr0aVJTN9dT_N_b1NGSMRGDHJ1aEFyXPur6eVDV4LimDMAROWB1kYCAemhIa9lmHDAP_9-lqh_t9wOz4cvpcNo8uacyAl_dTU3X3KZWHWvW331cXQsx4lYC4FmC-pDUQO8-e4UxPjZnCQlXtAp9qj86eoAgw761-B1ybvE9Bpl06xbyH7TNXsrxehnzrFip3He&xkcb=SoC_6_M3l2sfyCwViR0fbzkdCdPP&camk=xqnMBGaf-K9hCwnRNkiKaA==&p=20&fvj=0&vjs=3,"OutSystems Developer
New
BWG Global
Hybrid work in Purchase, NY 10577"
Full Stack Developer,https://www.indeed.com/pagead/clk?mo=r&ad=-6NYlbfkN0DjiEAtuLGdqfzv8PyeoqE-f35_3FkpWioW3FKJPCaL4iuTxbB2JXRkKAZFRfzx_FeRtaC505-9eIC48NwgC-PhZrolZrZegp343wODEb25zcDt9VNouIK2IymytqcF8OoLFP-N_IDMUsWvwAPvCOEoh23F2E4cCFqg3DKg5qEJxoG3CfSXVKU5IIGGGa5ybY9n9umTQ2OHELJFHokob_twH46IymYJjS3w2tRYdqhwHqrclrYvTTwY2oZWUjpBKwjvF8tOlGWhJdV_2JdtRV9077I1906b8IAqNmeopPuDvT9jQQropICs2-Sd_NrvaFoy1_qKl4o8-W4Dzg3u1NDFP36KoptBazv5APVoNAm-hiS9wpKQFeXphIvRTt-yc1KvZui8JSz-UrgGpGCyVrxe071omNCOKTE6bxLJ1uQMWZUKZ_eeC-3qpjx4YAW545C1wJ2Z4fHTVHVg-PRdnDFTxY2_7V7HnfPOyzdKsby78W0reoxI31w3SwpVNCFAV9Y11V1VJW7ry_61wGKy2u_nvQruLx-BPi7MW3h6yrHF1V-Zz3hS0FLdp28RfVo8p1g7g7E7JQRNQE2csqcAYPnpJeXM1ZN_cC8B3biHPnTBw4K5RrIjaqs1FYj81SF6J8jBw3MweKiMiQEPeNgBD-jJ_v_3xMqeyfwYFyZJQQGQ460ORPhIExlplUp5oK6vZ94XuTIXFw6gI5XaYgDTv_RPmU9TZ3hlZ-DW-IK4X1JM_Q==&xkcb=SoAL6_M3l2sfyCwViR0ebzkdCdPP&camk=4HOcmqOLYrAoi3O2LVDoeg==&p=21&fvj=0&vjs=3,"Full Stack Developer
PDS
Dallas, TX
Health insurance
Vision insurance
Dental insurance
Paid sick time
Life insurance
Employee assistance program"
Software Engineer – Onboard Platform/High Level OS,https://www.indeed.com/pagead/clk?mo=r&ad=-6NYlbfkN0DwOGRTwbw_GEdim5vaxxbZDXQG-1AlL_xY0YbYNr8qGTfC2pi6H3F0OEj8dvK0UMiQal8tGloABmtND51QqzSgI1qhZVcO2407eRw6i1RQaOPvgmcf73ljC87P2chi-b3sViOODOKiXbzN_5Hkn_lCtWjHq4f6E0eyY0dgGkeyGQwPeQXmceDNaEEn_nltH-ucJw7bIrxs3nx-OuhINgtKT930WmvErKIGrUzQ9eZXEbHxLmStubYoARfKb8lY5D-UYyuXaJROB7wI-OcyhxF0-PN-X4S2fdLrdMLFrzklOr5sHDzx5r0UmcPVfza26OI2xXrLeSttoeUWZgDAbXlQUD5fdB_4_E-8hqI8hA0Vy7-dinGDRvUlHa1gbH2FrDHyLt1a4zTv5bwD9Dal78XZBYV0VOX4hFGfN0EVo2sHLT3kmoXGwJVMjdTRrkF0OKLmSKgASpeScCMRrOrQqwD1uTAWebw-i6L9s3SPmsym26ncx647NlQQ3aMMwTPbhoUgxbt8L19Wpcv5HlJW-7Yfcsnn-bJw4C58buBqExTViHZzU_5xmuQ9UXD_zO1wi2QY_XcxCYHbZ_rcgfUpZRcvM2AjhJo7HqMeOzT2_tGzKWtN1maXQX1g_y4zPc4voNOEiEUGp4Jl-w==&xkcb=SoCW6_M3l2sfyCwViR0dbzkdCdPP&camk=4HOcmqOLYrDiIDP7UiIlMQ==&p=22&fvj=0&vjs=3,"Software Engineer – Onboard Platform/High Level OS
Yoh, A Day & Zimmermann Company
Hybrid work in Allen Park, MI
Referral program
401(k)
Health insurance
Vision insurance
Health savings account
Dental insurance
View similar jobs with this employer"
Senior Applications Developer Specialist,https://www.indeed.com/pagead/clk?mo=r&ad=-6NYlbfkN0DKYEYS6AaSgPeXyWAkdM8_YPNZv0Ej8KjQCXpwSuT3KC425TBam5XQpJQHQwxMoVZY1HcoiUsXmskzjVZTbzxlZioZOpyUp52JiYZ254SLQv4TdTfM5KKAJJNd-c4EatPbEYcYDfofSDBmvh8rWhMYlfNJzF5047yJIPWvUUP_8uK6dnU15iWfgEvX3x5ErSdMiD9-cHdl1lsxGWxpOPBSDtC5by-OanyCcy_uH679dutK3r_cf32rrWeNvkl6PMcLST44J06isCOVlzRfWTs3ac06YmNvLEXSiauCITJgDlOQwKkd7fucCZOcPYpo4MrMpDTdsDG6c6gKGu8iIM1mHUSDHlSnyjJemt7pQuVl1p3AdCcQBk6niRZXTOhmHKHNc9LRtasc-MrCebvxfKud8My71b9cEYydZ23Qh2fsuAUIUQXG1pCjsaa92wVO1s10WOhqR1-y3rCg5IzCT6YfeMjs4feBvmQHVVRbeZyBpP8UhoMLho7ZR1PBOhaNCAK_n54jeTs26ILNgUUKVsDaAJHAXjFDmIAWqgkyb-tUzyh3REGa0hOhOFR1S5-PF8rDPsGW-Qeoq1AsaJftxVfAGcNWod8XITwjBBbyWaQJPt84aZklP3H18LK7bZs9WrryuTjD5YaTy8HCj7Gm-0FzivZiwS7txbW_OxT9CvxbX6TcRqD7N0xYJTTGpCua-dU8xM1uw-IJbVaIdCoXB0apAEhmlGXwAVm6jwMIagB3Bw==&xkcb=SoAi6_M3l2sfyCwViR0cbzkdCdPP&camk=H-lBaXMUocIh5uAqi842DA==&p=23&fvj=0&vjs=3,"Senior Applications Developer Specialist
APR Consulting Inc
Remote in Scottsdale, AZ 85251"
